City_ID,City,Country,Lat,Lng,Max Temp,Humidity,Cloudiness,Wind Speed,Current Description
0,Vardo,NO,70.3705,31.1107,24.78,93,100,34.52,fog
1,Thaton,MM,16.9206,97.3714,82.17,77,24,1.45,few clouds
2,Wundanyi,KE,-3.4019,38.364,62.29,89,94,4.74,overcast clouds
3,Khatanga,RU,71.9667,102.5,13.3,84,100,10.25,overcast clouds
4,Tasiilaq,GL,65.6145,-37.6368,33.96,79,99,5.35,overcast clouds
5,Nikolskoye,RU,59.7035,30.7861,31.91,72,55,2.42,broken clouds
6,Chifeng,CN,42.2683,118.9636,45.99,42,100,3.65,overcast clouds
7,Buala,SB,-8.145,159.5921,80.73,82,78,5.46,broken clouds
8,Saurimo,AO,-9.6608,20.3916,64.71,93,100,2.26,overcast clouds
9,Hilo,US,19.7297,-155.09,82.27,91,100,3.0,light rain
10,Chuy,UY,-33.6971,-53.4616,66.15,79,88,6.93,overcast clouds
11,Atuona,PF,-9.8,-139.0333,78.62,77,29,21.9,light rain
12,Hasaki,JP,35.7333,140.8333,59.4,55,100,24.05,overcast clouds
13,Nome,US,64.5011,-165.4064,39.16,74,0,9.22,clear sky
14,Rikitea,PF,-23.1203,-134.9692,77.16,72,7,24.67,clear sky
15,Louis Trichardt,ZA,-23.0439,29.9032,54.93,82,2,2.21,clear sky
16,Ushuaia,AR,-54.8,-68.3,35.26,69,40,17.27,scattered clouds
17,Barrow,US,71.2906,-156.7887,6.82,78,100,13.8,haze
18,Nara,JP,34.6851,135.8049,54.5,58,100,4.05,overcast clouds
19,Vostok,RU,46.4856,135.8833,25.79,87,6,6.13,clear sky
20,Bredasdorp,ZA,-34.5322,20.0403,56.25,90,0,1.88,clear sky
21,Port Hedland,AU,-20.3167,118.5667,77.05,78,40,0.0,scattered clouds
22,Santa Clarita,US,34.3917,-118.5426,79.84,44,0,11.5,clear sky
23,Nanortalik,GL,60.1432,-45.2371,40.62,84,100,11.05,overcast clouds
24,Vaini,TO,-21.2,-175.2,77.16,61,20,9.22,few clouds
25,Cidreira,BR,-30.1811,-50.2056,79.61,73,10,8.84,clear sky
26,Albany,US,42.6001,-73.9662,49.59,44,79,5.01,broken clouds
27,Avarua,CK,-21.2078,-159.775,82.45,83,37,5.75,scattered clouds
28,Yudong,CN,29.385,106.5194,74.5,89,99,12.03,moderate rain
29,San Carlos De Bariloche,AR,-41.1456,-71.3082,37.15,52,40,16.11,scattered clouds
30,Carnarvon,AU,-24.8667,113.6333,59.07,88,3,8.05,clear sky
31,Kroya,ID,-7.6331,109.2461,78.91,85,100,1.32,overcast clouds
32,Hobyo,SO,5.3505,48.5268,84.0,73,98,13.15,overcast clouds
33,Antsohihy,MG,-14.8796,47.9875,76.5,85,31,2.84,scattered clouds
34,Auki,SB,-8.7676,160.7034,77.49,85,89,3.2,overcast clouds
35,Georgetown,MY,5.4112,100.3354,85.95,89,20,1.14,few clouds
36,Padang,ID,-0.9492,100.3543,78.64,87,96,2.3,light rain
37,Lahat,ID,-3.8,103.5333,72.45,98,100,2.93,overcast clouds
38,Saint Anthony,US,45.0205,-93.218,50.31,43,0,16.11,clear sky
39,Puerto Ayora,EC,-0.7393,-90.3518,76.96,77,30,8.28,scattered clouds
40,Sosnovo-Ozerskoye,RU,52.5249,111.5418,30.2,66,100,13.29,light snow
41,Geraldton,AU,-28.7667,114.6,57.61,94,14,8.05,few clouds
42,Kutum,SD,14.2,24.6667,84.36,17,21,10.31,few clouds
43,Faanui,PF,-16.4833,-151.75,81.46,74,9,22.39,light rain
44,Muisne,EC,0.6,-80.0333,80.01,81,70,9.62,broken clouds
45,Mataura,NZ,-46.1927,168.8643,41.14,98,40,2.37,scattered clouds
46,Igrim,RU,63.1906,64.4162,28.76,88,28,6.4,scattered clouds
47,Cape Town,ZA,-33.9258,18.4232,59.92,84,0,11.01,clear sky
48,Kapaa,US,22.0752,-159.319,78.78,81,20,12.66,few clouds
49,Dunedin,NZ,-45.8742,170.5036,52.81,73,0,1.99,clear sky
50,Carutapera,BR,-1.195,-46.02,77.83,90,100,7.23,light rain
51,Playa Vicente,MX,17.8333,-95.8167,88.3,41,68,10.04,broken clouds
52,Bowen,AU,-20.0167,148.2333,74.25,87,10,12.06,clear sky
53,Bac Lieu,VN,9.285,105.7244,83.75,71,67,5.12,broken clouds
54,Iqaluit,CA,63.7506,-68.5145,15.53,66,75,20.71,broken clouds
55,Faya,SA,18.3851,42.4509,62.71,56,0,4.72,clear sky
56,Butaritari,KI,3.0707,172.7902,81.27,81,22,17.07,light rain
57,Busselton,AU,-33.65,115.3333,60.17,79,67,13.62,light rain
58,Bathsheba,BB,13.2167,-59.5167,77.61,94,75,14.97,broken clouds
59,Sioux Lookout,CA,50.1001,-91.917,41.07,22,20,2.3,few clouds
60,Qaanaaq,GL,77.484,-69.3632,19.58,76,12,5.21,few clouds
61,Arraial Do Cabo,BR,-22.9661,-42.0278,80.56,74,0,13.8,clear sky
62,Olafsvik,IS,64.8945,-23.7142,43.5,70,77,1.92,broken clouds
63,Kahului,US,20.8947,-156.47,78.96,70,40,13.8,scattered clouds
64,Maniitsoq,GL,65.4167,-52.9,32.45,98,100,27.81,snow
65,Port Alfred,ZA,-33.5906,26.891,59.18,89,0,14.03,clear sky
66,Punta Arenas,CL,-53.15,-70.9167,42.12,45,20,18.41,few clouds
67,Codrington,AU,-38.2667,141.9667,60.42,88,100,6.53,overcast clouds
68,Hermanus,ZA,-34.4187,19.2345,61.18,61,0,5.82,clear sky
69,Umm Lajj,SA,25.0213,37.2685,83.07,54,0,9.55,clear sky
70,Kaitangata,NZ,-46.2817,169.8464,43.48,94,21,5.86,few clouds
71,Mareeba,AU,-17.0,145.4333,72.32,94,29,1.81,scattered clouds
72,Bluff,NZ,-46.6,168.3333,50.9,79,90,6.78,overcast clouds
73,Moctezuma,MX,29.8,-109.6667,91.26,7,54,16.64,broken clouds
74,Rawson,AR,-43.3002,-65.1023,46.11,52,100,10.74,moderate rain
75,Rorvik,NO,64.8621,11.2373,35.58,100,75,13.8,light snow
76,Ipojuca,BR,-8.3989,-35.0639,84.11,77,97,6.22,overcast clouds
77,Kilemary,RU,56.7783,46.8659,45.21,90,100,11.39,overcast clouds
78,Batagay,RU,67.6333,134.6333,9.95,96,100,3.15,overcast clouds
79,Kosaya Gora,RU,54.119,37.5446,39.65,86,24,8.34,few clouds
80,Ilulissat,GL,69.2167,-51.1,42.82,56,100,13.8,overcast clouds
81,Mar Del Plata,AR,-38.0023,-57.5575,63.88,45,0,11.5,clear sky
82,Araouane,ML,18.9048,-3.5265,80.8,11,0,8.05,clear sky
83,Norman Wells,CA,65.282,-126.8329,32.04,74,75,11.5,light snow
84,Vestmannaeyjar,IS,63.4427,-20.2734,46.53,77,72,1.79,broken clouds
85,Longyearbyen,SJ,78.2186,15.6401,3.04,60,40,14.97,scattered clouds
86,Yellowknife,CA,62.456,-114.3525,50.52,40,20,11.5,few clouds
87,Jaicos,BR,-7.3592,-41.1378,90.54,27,36,6.91,scattered clouds
88,Olinda,BR,-8.0089,-34.8553,83.93,70,40,10.36,scattered clouds
89,Sambava,MG,-14.2667,50.1667,74.44,91,9,3.74,clear sky
90,College,US,64.8569,-147.8028,49.98,40,40,5.75,scattered clouds
91,Bougouni,ML,11.417,-7.479,92.93,30,64,6.8,broken clouds
92,Abu Kamal,SY,34.4506,40.9171,77.74,35,0,8.68,clear sky
93,Lensk,RU,60.7253,114.9278,17.08,97,11,1.36,few clouds
94,North Bend,US,43.4065,-124.2243,58.91,77,0,10.36,clear sky
95,Camacha,PT,33.0833,-16.3333,60.22,72,20,10.36,few clouds
96,New Norfolk,AU,-42.7826,147.0587,55.9,88,100,1.54,overcast clouds
97,Saint-Philippe,RE,-21.3585,55.7679,72.99,79,45,1.86,scattered clouds
98,Manono,CD,-7.3,27.4167,70.29,96,93,1.7,moderate rain
99,Keti Bandar,PK,24.1447,67.4497,81.72,80,2,9.44,clear sky
100,Tharad,IN,24.3961,71.6267,84.42,53,0,10.65,clear sky
101,Hun,LY,29.1268,15.9477,86.67,12,0,26.96,clear sky
102,Kargasok,RU,59.0556,80.8572,44.17,79,96,11.23,overcast clouds
103,Coahuayana,MX,18.7333,-103.6833,91.6,36,0,8.16,clear sky
104,Kushmurun,KZ,52.4503,64.6311,58.46,52,80,10.04,broken clouds
105,Korla,CN,41.7597,86.1469,58.33,50,100,18.81,overcast clouds
106,Shuangyang,CN,43.5242,125.6736,42.89,26,100,4.23,overcast clouds
107,Yeppoon,AU,-23.1333,150.7333,65.98,84,1,12.97,clear sky
108,Malakal,SS,9.5334,31.6605,91.45,32,32,4.21,scattered clouds
109,Thabazimbi,ZA,-24.5917,27.4116,64.2,68,77,4.5,broken clouds
110,Gat,IL,31.61,34.7642,72.39,64,1,5.17,clear sky
111,Abbeville,FR,50.1,1.8333,49.48,79,18,13.58,few clouds
112,Jamestown,US,42.097,-79.2353,31.17,67,100,13.8,overcast clouds
113,Fandriana,MG,-20.2333,47.3833,58.24,98,96,1.19,overcast clouds
114,Ust-Omchug,RU,61.15,149.6333,7.97,92,99,8.1,overcast clouds
115,Mountain Home,US,43.133,-115.6912,60.28,100,40,9.22,scattered clouds
116,Katsuura,JP,35.1333,140.3,59.41,65,100,25.79,overcast clouds
117,Constitucion,CL,-35.3333,-72.4167,57.11,72,89,8.9,overcast clouds
118,Severo-Kurilsk,RU,50.6789,156.125,35.01,86,32,14.29,scattered clouds
119,Heishan,CN,41.6892,122.1128,51.84,16,100,1.34,overcast clouds
120,Bambous Virieux,MU,-20.3428,57.7575,73.22,94,20,4.61,light rain
121,Kushima,JP,31.4583,131.2333,68.7,92,100,2.37,overcast clouds
122,Chingirlau,KZ,51.095,54.0814,61.11,51,94,13.2,overcast clouds
123,Kodinsk,RU,58.6881,99.1844,23.05,96,36,2.55,scattered clouds
124,Ribeira Grande,PT,38.5167,-28.7,64.8,88,75,20.71,broken clouds
125,Kuruman,ZA,-27.4524,23.4325,60.82,22,80,7.45,broken clouds
126,Komsomolskiy,UZ,40.4272,71.7189,59.72,77,0,4.61,clear sky
127,Shahr-E Babak,IR,30.1165,55.1186,64.65,32,22,3.44,few clouds
128,Saint George,US,37.1041,-113.5841,86.79,11,0,12.66,clear sky
129,Sucua,EC,-2.4667,-78.1667,77.74,78,40,6.91,light rain
130,Gurupa,BR,-1.405,-51.64,82.08,84,93,3.47,light rain
131,Cherskiy,RU,68.75,161.3,26.76,86,100,2.62,overcast clouds
132,Lata,PT,40.1629,-8.3327,57.81,95,85,3.94,overcast clouds
133,Bemidji,US,47.4736,-94.8803,48.06,32,0,14.97,clear sky
134,Mildura,AU,-34.2,142.15,61.07,100,75,3.44,broken clouds
135,Vila Velha,BR,-20.3297,-40.2925,82.35,78,0,9.22,clear sky
136,Krasnoselkup,RU,65.7,82.4667,34.39,99,100,14.16,overcast clouds
137,Yumen,CN,40.2833,97.2,48.38,45,100,5.68,overcast clouds
138,Sitka,US,57.0531,-135.33,48.09,66,75,4.61,broken clouds
139,Ahipara,NZ,-35.1667,173.1667,61.3,69,91,4.52,overcast clouds
140,Thompson,CA,55.7435,-97.8558,46.56,21,0,13.8,clear sky
141,Port Elizabeth,ZA,-33.918,25.5701,61.09,91,0,6.91,clear sky
142,Soyo,AO,-6.1349,12.3689,78.76,89,91,6.98,light rain
143,Bambanglipuro,ID,-7.95,110.2833,76.91,87,100,3.87,overcast clouds
144,Sebezh,RU,56.2955,28.4654,30.07,73,38,4.83,scattered clouds
145,Bonthe,SL,7.5264,-12.505,81.01,79,100,8.23,light rain
146,Hobart,AU,-42.8794,147.3294,56.26,94,75,3.44,fog
147,Palmer,US,42.1584,-72.3287,54.77,39,40,23.02,scattered clouds
148,Lubbock,US,33.6001,-101.8338,82.38,41,75,16.11,broken clouds
149,Kalmunai,LK,7.4167,81.8167,81.07,78,5,6.78,clear sky
150,Roma,US,43.2128,-75.4557,41.5,55,75,20.71,broken clouds
151,Poykovskiy,RU,61.2333,73.3333,46.69,100,100,2.24,fog
152,Cruzeiro Do Sul,BR,-29.5128,-51.9853,89.98,60,1,5.03,clear sky
153,Olkhovka,RU,53.2115,60.6069,59.43,58,100,13.15,overcast clouds
154,Dikson,RU,73.5069,80.5464,30.56,96,100,26.78,light snow
155,East London,ZA,-33.0153,27.9116,62.37,80,0,13.38,clear sky
156,Ulladulla,AU,-35.35,150.4667,61.7,92,64,5.01,broken clouds
157,Lorengau,PG,-2.0226,147.2712,81.75,81,94,10.0,overcast clouds
158,Talnakh,RU,69.4865,88.3972,31.21,95,100,21.41,snow
159,Linxia,CN,35.6003,103.2064,43.12,64,100,0.45,overcast clouds
160,Airai,TL,-8.9266,125.4092,59.2,93,14,1.23,few clouds
161,Anloga,GH,5.7947,0.8973,82.63,82,98,14.54,overcast clouds
162,Pacific Grove,US,36.6177,-121.9166,64.2,70,40,11.99,scattered clouds
163,Ancud,CL,-41.8697,-73.8203,49.28,66,25,19.15,light rain
164,Kalach-Na-Donu,RU,48.691,43.5264,60.94,58,85,13.22,overcast clouds
165,Port Lincoln,AU,-34.7333,135.8667,70.12,49,100,15.48,overcast clouds
166,Torbay,CA,47.6666,-52.7314,43.75,83,75,8.05,broken clouds
167,The Valley,AI,18.217,-63.0578,79.11,53,20,10.36,few clouds
168,Les Cayes,HT,18.2,-73.75,78.6,73,100,5.44,overcast clouds
169,Iquitos,PE,-3.7481,-73.2472,84.24,79,75,8.05,broken clouds
170,Pinotepa Nacional,MX,16.3167,-98.0167,93.87,38,2,13.0,clear sky
171,Batagay-Alyta,RU,67.8006,130.4114,4.33,94,100,4.34,overcast clouds
172,Yaransk,RU,57.3033,47.8861,44.58,92,100,16.15,overcast clouds
173,Makakilo City,US,21.3469,-158.0858,79.12,66,75,16.11,broken clouds
174,Birjand,IR,32.8663,59.2211,61.27,63,20,4.61,few clouds
175,Sahuaripa,MX,29.05,-109.2333,94.96,6,35,15.46,scattered clouds
176,Oriximina,BR,-1.7656,-55.8661,81.34,75,99,4.36,overcast clouds
177,Sao Joao Da Barra,BR,-21.6403,-41.0511,80.69,81,18,11.61,few clouds
178,Cayenne,GF,4.9333,-52.3333,83.08,1,40,4.0,scattered clouds
179,Igarka,RU,67.4667,86.5833,32.58,98,100,21.54,snow
180,Nalut,LY,30.3333,10.85,79.36,16,36,8.99,scattered clouds
181,Foumban,CM,5.7291,10.9001,64.92,91,90,3.4,overcast clouds
182,Sobolevo,RU,54.4299,31.8996,40.17,72,94,6.13,overcast clouds
183,Shieli,KZ,44.1667,66.75,64.27,19,80,15.97,broken clouds
184,Ponta Do Sol,PT,32.6667,-17.1,64.71,79,12,3.02,few clouds
185,Dingle,PH,10.9995,122.6711,76.86,91,88,5.99,overcast clouds
186,Buckeye,US,33.3703,-112.5838,93.81,6,0,12.57,clear sky
187,Upernavik,GL,72.7868,-56.1549,34.86,77,100,3.15,overcast clouds
188,Hithadhoo,MV,-0.6,73.0833,83.8,74,100,6.67,overcast clouds
189,Fortuna,US,40.5982,-124.1573,60.85,66,20,14.97,few clouds
190,Alofi,NU,-19.0595,-169.9187,78.69,78,40,16.11,scattered clouds
191,Touros,BR,-5.1989,-35.4608,81.39,77,100,12.06,overcast clouds
192,Ville-Marie,CA,47.3335,-79.433,39.56,38,91,14.05,overcast clouds
193,Leningradskiy,RU,69.3833,178.4167,21.6,90,100,10.29,overcast clouds
194,Filadelfia,US,39.9523,-75.1638,55.02,38,75,16.11,broken clouds
195,Rumford,US,44.5537,-70.5509,46.17,83,100,9.06,light rain
196,Margate,GB,51.3813,1.3862,47.7,73,36,7.0,scattered clouds
197,Victoria,HK,22.2855,114.1577,83.32,84,32,8.99,scattered clouds
198,Liepaja,LV,56.5419,21.0367,33.78,64,0,3.44,clear sky
199,Kemijarvi,FI,66.7131,27.4306,27.64,67,96,10.8,overcast clouds
200,Nishihara,JP,26.1842,127.7558,76.68,97,75,10.36,broken clouds
201,Solikamsk,RU,59.6196,56.7729,37.69,99,95,2.89,overcast clouds
202,Belmonte,BR,-15.8631,-38.8828,78.28,84,1,7.34,clear sky
203,Pitkyaranta,RU,61.5734,31.4792,27.12,78,8,2.1,clear sky
204,Klaksvik,FO,62.2266,-6.589,45.52,75,96,6.78,overcast clouds
205,Lasa,IT,46.6166,10.7002,50.88,78,3,2.57,clear sky
206,Ayr,GB,55.4627,-4.6339,49.32,71,0,11.5,clear sky
207,Segovia,ES,41.1667,-4.0,48.43,86,100,6.76,overcast clouds
208,Awassa,ET,7.05,38.4667,63.36,80,96,4.52,light rain
209,Langxiang,CN,46.95,128.8833,30.76,82,7,3.58,clear sky
210,Byron Bay,AU,-28.65,153.6167,60.71,85,58,6.42,broken clouds
211,Helong,CN,42.5397,128.9972,36.95,42,54,4.59,broken clouds
212,Kholodnyy,RU,62.7167,147.95,2.95,96,96,5.75,overcast clouds
213,Mount Isa,AU,-20.7333,139.5,67.77,100,75,4.61,broken clouds
214,Tiksi,RU,71.6872,128.8694,-2.25,100,100,3.53,overcast clouds
215,Mahebourg,MU,-20.4081,57.7,73.26,94,20,4.61,few clouds
216,Chernyshevskiy,RU,63.0128,112.4714,10.47,97,69,2.59,broken clouds
217,Coihaique,CL,-45.5752,-72.0662,42.75,49,40,6.91,scattered clouds
218,Saskylakh,RU,71.9167,114.0833,-3.39,100,95,2.64,overcast clouds
219,Portalegre,PT,39.2938,-7.4312,49.86,87,62,5.64,broken clouds
220,Ostrow Mazowiecka,PL,52.8024,21.8951,43.63,67,80,7.05,broken clouds
221,Pervomaysk,UA,48.0443,30.8507,55.65,60,99,6.33,overcast clouds
222,Bairnsdale,AU,-37.8333,147.6167,55.06,95,69,2.75,broken clouds
223,Roebourne,AU,-20.7833,117.1333,76.98,60,97,8.16,overcast clouds
224,San Patricio,US,28.017,-97.5169,84.07,56,75,13.62,broken clouds
225,Berlevag,NO,70.8578,29.0864,26.55,80,75,31.07,light snow
226,Sumbe,AO,-11.2061,13.8437,76.78,89,76,6.04,broken clouds
227,Namibe,AO,-15.1961,12.1522,72.01,79,0,4.14,clear sky
228,Bilma,NE,18.6853,12.9164,90.68,9,0,7.56,clear sky
229,Rodrigues Alves,BR,-7.738,-72.6509,91.6,79,100,3.13,overcast clouds
230,Inhambane,MZ,-23.865,35.3833,69.28,71,4,9.22,clear sky
231,Dolores,AR,-36.3132,-57.6792,62.44,51,0,4.9,clear sky
232,Whitehorse,CA,60.7161,-135.0538,44.02,85,75,3.44,light rain
233,Esperance,AU,-33.8667,121.9,57.04,83,99,13.31,overcast clouds
234,Brae,GB,60.3964,-1.353,44.2,68,97,8.34,overcast clouds
235,Mahbubabad,IN,17.6167,80.0167,85.82,45,6,6.91,clear sky
236,Haines Junction,CA,60.7522,-137.5108,42.75,61,82,8.05,broken clouds
237,Saldanha,ZA,-33.0117,17.9442,57.25,74,5,12.86,clear sky
238,Beisfjord,NO,68.3751,17.5988,30.25,96,100,6.67,light snow
239,Esmeraldas,BR,-19.7625,-44.3139,80.71,46,0,6.24,clear sky
240,Mandalgovi,MN,45.7625,106.2708,39.52,35,85,4.52,overcast clouds
241,Sisimiut,GL,66.9395,-53.6735,32.95,99,100,18.61,snow
242,Vao,NC,-22.6667,167.4833,74.08,73,100,21.32,moderate rain
243,Sorland,NO,67.667,12.6934,35.46,72,100,15.84,overcast clouds
244,Yulara,AU,-25.2406,130.9889,69.64,43,100,0.0,overcast clouds
245,La Ronge,CA,55.1001,-105.2842,46.65,39,75,16.11,broken clouds
246,Provideniya,RU,64.3833,-173.3,28.85,83,69,6.08,broken clouds
247,Juneau,US,58.3019,-134.4197,42.8,94,100,8.05,mist
248,Litein,KE,-0.5823,35.1903,56.55,99,100,1.34,light rain
249,Tandalti,SD,13.0167,31.8667,87.82,8,55,11.63,broken clouds
250,Los Llanos De Aridane,ES,28.6585,-17.9182,62.35,85,20,14.97,few clouds
251,Kieta,PG,-6.2167,155.6333,79.34,84,98,0.72,light rain
252,Tuatapere,NZ,-46.1333,167.6833,44.35,93,38,3.74,scattered clouds
253,Henties Bay,NA,-22.116,14.2845,63.86,72,4,2.68,clear sky
254,Havoysund,NO,70.9963,24.6622,26.83,65,100,28.5,light snow
255,Salvador,SV,13.8333,-88.9167,89.06,32,54,2.64,broken clouds
256,Arman,RU,59.7,150.1667,22.48,69,100,15.68,overcast clouds
257,Oranjemund,NA,-28.55,16.4333,60.46,66,0,5.57,clear sky
258,Babu,CN,24.4167,111.5167,74.03,95,3,3.27,clear sky
259,Raahe,FI,64.6833,24.4833,28.49,80,67,10.33,broken clouds
260,Aksu,CN,41.1231,80.2644,57.61,43,89,1.63,overcast clouds
261,Narsaq,GL,60.9167,-46.05,52.02,88,100,2.91,overcast clouds
262,Jumla,NP,29.2747,82.1838,52.43,50,0,4.25,clear sky
263,Nueve De Julio,AR,-35.4444,-60.8831,65.95,29,0,5.93,clear sky
264,Tarakan,ID,3.3,117.6333,78.39,86,100,3.67,overcast clouds
265,Pisco,PE,-13.7,-76.2167,68.05,77,0,6.91,clear sky
266,Verkhnyaya Inta,RU,65.9811,60.3094,25.54,81,100,8.3,light snow
267,Sao Filipe,CV,14.8961,-24.4956,72.25,72,1,13.67,clear sky
268,Toamasina,MG,-18.1667,49.3833,75.25,91,92,3.04,light rain
269,General Roca,AR,-39.0333,-67.5833,55.62,28,100,32.08,overcast clouds
270,Upata,VE,8.0086,-62.3989,78.94,77,100,2.08,overcast clouds
271,Clyde River,CA,70.4692,-68.5914,8.83,66,75,11.5,broken clouds
272,Jizan,SA,17.3333,42.6667,86.94,46,0,5.82,clear sky
273,Mugur-Aksy,RU,50.35,90.5,24.42,69,7,4.36,clear sky
274,Keuruu,FI,62.2667,24.7,30.38,78,33,3.91,scattered clouds
275,Porto Santo,PT,33.072,-16.3415,62.98,72,20,10.36,few clouds
276,La Asuncion,VE,11.0333,-63.8628,78.69,81,100,6.35,overcast clouds
277,Bad Langensalza,DE,51.1,10.65,52.05,100,36,2.21,scattered clouds
278,Najran,SA,17.4924,44.1277,81.25,23,13,4.41,few clouds
279,Port Augusta,AU,-32.5,137.7667,65.43,72,100,8.12,overcast clouds
280,Isangel,VU,-19.55,169.2667,76.57,78,100,13.35,overcast clouds
281,Kanakapura,IN,12.55,77.4167,80.67,40,4,3.76,clear sky
282,Deputatskiy,RU,69.3,139.9,4.62,98,100,1.01,overcast clouds
283,Silver City,US,32.7701,-108.2803,80.56,10,40,21.0,scattered clouds
284,Eirunepe,BR,-6.6603,-69.8736,86.97,61,86,2.24,overcast clouds
285,Goure,NE,13.9835,10.2704,89.49,10,93,5.97,overcast clouds
286,Fonte Boa,BR,-2.4959,-66.2662,88.05,60,56,0.4,broken clouds
287,Luderitz,NA,-26.6481,15.1594,65.32,52,0,5.95,clear sky
288,Souillac,MU,-20.5167,57.5167,71.98,94,20,4.61,few clouds
289,Urumqi,CN,43.801,87.6005,52.75,58,0,6.71,clear sky
290,Yuli,NG,9.6989,10.2744,87.04,36,97,5.39,overcast clouds
291,Turukhansk,RU,65.8167,87.9833,32.94,98,100,20.36,snow
292,Kloulklubed,PW,7.0419,134.2556,73.9,80,100,18.81,overcast clouds
293,Tuktoyaktuk,CA,69.4541,-133.0374,8.6,85,100,6.91,light snow
294,Grindavik,IS,63.8424,-22.4338,45.07,81,75,8.05,broken clouds
295,Vallenar,CL,-28.5708,-70.7581,77.11,26,0,6.06,clear sky
296,Tezu,IN,27.9167,96.1667,69.22,67,61,4.27,broken clouds
297,Hue,VN,16.4667,107.6,78.91,94,20,1.14,few clouds
298,Lincoln,US,40.8,-96.667,82.0,35,0,9.22,clear sky
299,Doha,QA,25.2867,51.5333,82.38,59,0,3.44,clear sky
300,Ambalavao,MG,-21.8333,46.9333,62.89,94,80,3.11,broken clouds
301,Hambantota,LK,6.1241,81.1185,81.57,80,35,4.99,scattered clouds
302,Krasnomayskiy,RU,57.6194,34.4099,30.42,81,55,3.56,broken clouds
303,Tiznit,MA,29.5833,-9.5,60.84,71,1,4.16,clear sky
304,Bima,ID,-8.4667,118.7167,73.36,87,100,1.79,overcast clouds
305,Kodiak,US,57.79,-152.4072,45.91,76,0,8.05,clear sky
306,Kavaratti,IN,10.5669,72.642,84.6,77,32,6.4,scattered clouds
307,Taoudenni,ML,22.6783,-3.9836,86.34,12,0,7.18,clear sky
308,Sur,OM,22.5667,59.5289,88.74,41,0,9.1,clear sky
309,Kudahuvadhoo,MV,2.6708,72.8944,84.06,74,100,6.17,overcast clouds
310,Santa Isabel Do Rio Negro,BR,-0.4139,-65.0192,86.67,64,94,1.39,overcast clouds
311,Chokurdakh,RU,70.6333,147.9167,11.48,95,99,7.2,overcast clouds
312,Itarema,BR,-2.9248,-39.9167,79.92,81,95,11.86,overcast clouds
313,Belaya Gora,RU,68.5333,146.4167,9.54,94,100,5.26,overcast clouds
314,Port Blair,IN,11.6667,92.75,80.64,94,40,2.3,mist
315,Zhuhai,CN,22.2769,113.5678,82.85,94,40,10.36,scattered clouds
316,Moree,AU,-29.4667,149.85,64.42,77,100,9.22,overcast clouds
317,Constantine,DZ,36.365,6.6147,63.81,67,75,9.22,broken clouds
318,Marzuq,YE,14.4,46.4667,74.71,60,4,7.09,clear sky
319,Guerrero Negro,MX,27.9769,-114.0611,70.66,51,0,16.78,clear sky
320,Fairbanks,US,64.8378,-147.7164,50.0,40,0,5.75,clear sky
321,Beringovskiy,RU,63.05,179.3167,31.78,99,100,5.19,overcast clouds
322,Police,PL,53.5521,14.5718,46.67,84,7,5.23,clear sky
323,Mogadishu,SO,2.0371,45.3438,83.66,74,100,11.72,overcast clouds
324,Mount Gambier,AU,-37.8333,140.7667,58.91,94,75,5.75,broken clouds
325,Nouadhibou,MR,20.931,-17.0347,67.98,77,0,19.57,clear sky
326,Adrar,MR,20.5022,-10.0711,77.43,14,0,9.26,clear sky
327,Lagoa,PT,39.05,-27.9833,62.08,91,100,32.12,overcast clouds
328,Ugoofaaru,MV,5.6667,73.0,84.16,72,100,2.33,overcast clouds
329,Necochea,AR,-38.5473,-58.7368,60.12,48,0,8.84,clear sky
330,Flin Flon,CA,54.7682,-101.865,42.64,39,40,11.5,scattered clouds
331,Dongsheng,CN,39.8161,109.9776,38.89,81,75,6.22,broken clouds
332,Balkanabat,TM,39.5108,54.3671,74.19,36,51,6.35,broken clouds
333,Pangody,RU,65.85,74.4859,26.28,87,96,8.3,overcast clouds
334,Vila Franca Do Campo,PT,37.7167,-25.4333,63.01,93,100,15.28,overcast clouds
335,Mweka,CD,-4.85,21.5667,68.05,98,98,2.37,overcast clouds
336,Orlik,RU,52.5178,99.825,27.3,92,100,2.68,light snow
337,Beloomut,RU,54.9448,39.3394,39.0,88,25,9.28,scattered clouds
338,Bethel,US,41.3712,-73.414,54.01,49,100,16.11,overcast clouds
339,Union,US,40.6334,-74.2663,54.91,41,100,13.8,overcast clouds
340,Shingu,JP,33.7333,135.9833,65.17,91,100,3.65,overcast clouds
341,Somcuta Mare,RO,47.5167,23.4667,56.39,71,75,5.75,broken clouds
342,Broome,US,42.2506,-75.833,40.89,64,100,14.97,overcast clouds
343,Lebu,CL,-37.6167,-73.65,54.72,61,39,10.22,scattered clouds
344,Clermont,FR,49.5,2.4167,56.71,67,99,13.09,overcast clouds
345,Zabol,AF,32.25,67.25,69.51,16,78,6.17,broken clouds
346,Puerto Ayacucho,VE,5.6639,-67.6236,82.29,75,87,5.48,overcast clouds
347,Katidtuan,PH,7.1886,124.3153,74.53,94,91,3.27,overcast clouds
348,Lagunas,PE,-5.2269,-75.6753,83.37,78,100,0.92,moderate rain
349,Paita,PE,-5.0892,-81.1144,72.86,74,15,17.18,few clouds
350,Ahar,IR,38.4774,47.0699,54.63,76,90,2.37,light rain
351,Saint-Pierre,RE,-21.3393,55.4781,73.08,74,0,5.75,clear sky
352,Praia,CV,14.9215,-23.5087,70.34,73,20,19.57,few clouds
353,Atar,MR,20.5169,-13.0499,81.28,14,0,9.64,clear sky
354,Tenosique,MX,17.4833,-91.4333,90.12,49,73,7.34,broken clouds
355,Vangaindrano,MG,-23.35,47.6,72.48,71,99,17.36,overcast clouds
356,Petropavlovsk-Kamchatskiy,RU,53.0452,158.6483,36.19,93,100,8.95,light intensity shower rain
357,Yaan,NG,7.3833,8.5667,79.77,73,96,11.01,overcast clouds
358,Bilibino,RU,68.0546,166.4372,25.97,89,100,3.31,overcast clouds
359,Hatillo,PR,18.4863,-66.8254,82.11,58,31,8.99,scattered clouds
360,Tautira,PF,-17.7333,-149.15,80.13,77,70,22.1,light rain
361,Naryan-Mar,RU,67.6713,53.087,14.05,84,13,12.8,few clouds
362,Arlit,NE,18.7369,7.3853,86.38,14,4,10.31,clear sky
363,Boyuibe,BO,-20.4167,-63.2833,91.44,39,58,11.9,broken clouds
364,Nenjiang,CN,49.1833,125.2167,33.12,65,5,6.26,clear sky
365,Bereda,ES,43.2686,-7.5406,52.57,92,100,2.33,overcast clouds
366,Zhangye,CN,38.9342,100.4517,48.33,42,12,8.05,few clouds
367,Royan,FR,45.6285,-1.0281,62.82,75,100,8.95,overcast clouds
368,Tessalit,ML,20.1986,1.0114,81.23,11,0,9.26,clear sky
369,Belz,FR,47.6751,-3.168,61.09,73,100,7.0,overcast clouds
370,Abu Dhabi,AE,24.4667,54.3667,84.31,68,0,5.75,clear sky
371,Opuwo,NA,-18.0607,13.84,73.87,36,19,8.12,few clouds
372,Kherson,UA,46.6558,32.6178,58.57,54,51,6.04,broken clouds
373,San Juan De Betulia,CO,9.2735,-75.241,86.32,64,100,7.07,overcast clouds
374,Jacareacanga,BR,-6.2222,-57.7528,84.04,67,97,1.05,overcast clouds
375,Ostrovnoy,RU,68.0531,39.5131,17.17,77,70,20.07,broken clouds
376,Nushki,PK,29.5542,66.0215,81.88,15,70,3.98,broken clouds
377,Ayan,RU,56.45,138.1667,30.97,65,100,14.65,overcast clouds
378,Egvekinot,RU,66.3167,-179.1667,24.82,82,82,2.8,broken clouds
379,Sibu,MY,2.3,111.8167,73.71,100,40,0.0,scattered clouds
380,Naze,JP,28.3667,129.4833,70.72,88,100,7.09,light rain
381,Quatre Cocos,MU,-20.2078,57.7625,73.09,81,8,3.91,light rain
382,Luchenza,MW,-16.0069,35.3095,62.91,98,100,11.43,light rain
383,Tilichiki,RU,60.4667,166.1,32.02,97,100,6.33,overcast clouds
384,Andenes,NO,69.3143,16.1194,28.38,93,100,12.66,light snow
385,Korcula,HR,42.9622,17.1369,61.41,77,0,11.54,clear sky
386,Cooma,AU,-36.2333,149.1333,53.37,100,100,8.05,overcast clouds
387,Bukoba,TZ,-1.3317,31.8122,68.0,84,93,3.27,light rain
388,Micheweni,TZ,-4.9667,39.8333,80.49,81,100,10.92,light rain
389,Trujillo,PE,-8.116,-79.03,67.96,77,34,12.66,scattered clouds
390,Porto Novo,BJ,6.4965,2.6036,80.42,83,99,2.15,heavy intensity rain
391,Imbituba,BR,-28.24,-48.6703,81.86,79,0,15.01,clear sky
392,Stephenville,US,32.2207,-98.2023,73.81,53,100,11.5,overcast clouds
393,Sergeyevka,KZ,53.88,67.4158,62.26,46,88,13.15,overcast clouds
394,Florianopolis,BR,-27.6146,-48.5012,79.41,93,20,11.5,few clouds
395,Brokopondo,SR,4.75,-55.1667,86.22,59,23,0.07,few clouds
396,San Cristobal,VE,7.7669,-72.225,77.18,74,100,4.92,overcast clouds
397,Redlands,US,34.0556,-117.1825,81.3,37,0,3.44,haze
398,Laguna,US,38.421,-121.4238,74.43,43,0,8.05,clear sky
399,Calbuco,CL,-41.768,-73.1273,47.41,68,54,15.79,light rain
400,Sorong,ID,-0.8833,131.25,78.12,89,100,6.71,overcast clouds
401,Port Pirie,AU,-33.1833,138.0167,64.49,72,100,7.78,overcast clouds
402,Bandarbeyla,SO,9.4942,50.8122,82.38,75,100,8.05,overcast clouds
403,Copiapo,CL,-27.3667,-70.3333,64.09,32,0,8.84,clear sky
404,Funtua,NG,11.5233,7.3081,89.92,20,100,3.2,overcast clouds
405,Vyshkov,RU,52.4764,31.6873,48.09,74,20,5.73,few clouds
406,Del Rio,US,29.3627,-100.8968,75.6,66,100,21.85,overcast clouds
407,Zhytomyr,UA,50.2649,28.6767,45.45,70,15,5.19,few clouds
408,Namatanai,PG,-3.6667,152.4333,80.02,81,60,7.81,broken clouds
409,Sampit,ID,-2.5333,112.95,72.14,96,82,1.5,broken clouds
410,Salalah,OM,17.0151,54.0924,84.29,74,0,4.61,clear sky
411,Anadyr,RU,64.75,177.4833,30.7,86,40,22.37,scattered clouds
412,Mantua,IT,45.1667,10.7833,63.55,71,0,7.16,clear sky
413,Montego Bay,JM,18.4712,-77.9188,82.2,69,20,20.71,few clouds
414,Rocha,UY,-34.4833,-54.3333,63.3,77,4,8.63,clear sky
415,Livingston,GB,55.9029,-3.5226,46.85,75,0,6.91,clear sky
416,Bunbury,AU,-33.3333,115.6333,60.19,77,75,14.56,light rain
417,Rabaul,PG,-4.1967,152.1721,79.86,77,58,2.39,broken clouds
418,Poum,NC,-20.2333,164.0167,76.46,72,100,16.78,overcast clouds
419,Acajutla,SV,13.5928,-89.8275,88.45,58,21,9.73,few clouds
420,Jerez,GT,14.1,-89.75,91.85,33,40,2.3,scattered clouds
421,Berlin,DE,52.5244,13.4105,55.42,60,0,5.01,clear sky
422,Acapulco,MX,16.8634,-99.8901,87.62,66,0,4.61,clear sky
423,Anqiu,CN,36.4342,119.1925,49.23,49,92,3.0,overcast clouds
424,San Juan,AR,-31.5375,-68.5364,72.5,17,0,6.51,clear sky
425,West Plains,US,36.7281,-91.8524,71.82,27,0,10.0,clear sky
426,Mormugao,IN,15.4,73.8,83.46,84,40,4.61,scattered clouds
427,Nisia Floresta,BR,-6.0911,-35.2086,82.78,81,100,8.52,overcast clouds
428,Baghdad,IQ,33.3406,44.4009,76.91,33,9,5.75,clear sky
429,Kysyl-Syr,RU,63.8986,122.7617,9.95,96,31,4.74,scattered clouds
430,Yakeshi,CN,49.2833,120.7333,30.09,48,3,3.42,clear sky
431,Karasuk,RU,53.7377,78.0403,53.06,50,100,9.13,overcast clouds
432,Qasigiannguit,GL,68.8193,-51.1922,43.05,74,100,20.22,overcast clouds
433,Aykhal,RU,66.0,111.5,8.06,98,100,5.39,overcast clouds
434,Tabuk,PH,17.4189,121.4443,73.67,88,28,4.29,scattered clouds
435,Kuala Terengganu,MY,5.3302,103.1408,78.75,94,20,3.44,few clouds
436,Pevek,RU,69.7008,170.3133,32.27,75,100,16.4,overcast clouds
437,Caravelas,BR,-17.7125,-39.2481,78.53,79,10,5.84,clear sky
438,Tarauaca,BR,-8.1614,-70.7656,89.62,51,99,2.89,overcast clouds
439,Kalabo,ZM,-14.97,22.6814,68.88,70,76,5.84,broken clouds
440,Ratnagiri,IN,16.9833,73.3,82.94,79,6,8.01,clear sky
441,Okhotsk,RU,59.3833,143.3,23.81,69,100,15.9,overcast clouds
442,Atakpame,TG,7.5333,1.1333,76.23,82,80,6.51,moderate rain
443,Hovd,MN,48.0056,91.6419,36.01,70,100,1.19,overcast clouds
444,Kropotkin,RU,45.4375,40.5756,58.93,72,81,7.58,broken clouds
445,Kavieng,PG,-2.5744,150.7967,83.12,73,18,15.08,few clouds
446,Mananara,MG,-16.1667,49.7667,73.51,93,3,2.46,clear sky
447,Vila,PT,42.0304,-8.1588,47.28,88,8,1.12,clear sky
448,Ormstown,CA,45.1334,-73.9992,36.09,88,100,14.97,moderate rain
449,Buraydah,SA,26.326,43.975,72.05,41,100,16.98,light rain
450,Jieshi,CN,22.8134,115.8257,77.05,90,23,12.44,few clouds
451,Saint-Joseph,RE,-21.3667,55.6167,71.98,79,33,1.7,scattered clouds
452,Caranavi,BO,-15.8167,-67.55,72.7,82,100,2.8,overcast clouds
453,Panguna,PG,-6.3164,155.4848,72.14,90,97,1.12,light rain
454,Kamina,CD,-8.7386,24.9906,63.34,96,79,4.14,broken clouds
455,Maneciu,RO,45.3167,25.9833,54.12,75,100,3.89,overcast clouds
456,Diego De Almagro,CL,-26.3667,-70.05,74.71,18,0,8.1,clear sky
457,Mnogovershinnyy,RU,53.9353,139.9242,25.47,86,100,11.32,light snow
458,Baruun-Urt,MN,46.6806,113.2792,36.68,23,98,7.78,overcast clouds
459,Pombia,IT,45.653,8.6336,60.4,68,0,2.3,clear sky
460,Honiara,SB,-9.4333,159.95,80.4,83,94,1.59,overcast clouds
461,Khandyga,RU,62.6667,135.6,13.53,87,18,1.74,few clouds
462,Matay,EG,28.419,30.7792,75.29,18,0,12.73,clear sky
463,Talagang,PK,32.9297,72.4158,83.1,18,12,5.93,few clouds
464,Derzhavinsk,KZ,51.1,66.3167,55.9,51,84,10.22,broken clouds
465,Ambanja,MG,-13.6833,48.45,74.44,94,8,3.47,clear sky
466,Aklavik,CA,68.2191,-135.0107,20.5,84,100,10.42,overcast clouds
467,Port Hardy,CA,50.6996,-127.4199,46.58,71,75,8.05,light intensity shower rain
468,Siyabuswa,ZA,-25.1132,29.0445,63.3,59,76,10.27,broken clouds
469,Porto Recanati,IT,43.4365,13.6613,57.31,53,0,7.4,clear sky
470,Lazaro Cardenas,MX,17.9583,-102.2,86.81,46,0,13.69,clear sky
471,Klyuchi,RU,52.2667,79.1667,50.2,52,46,5.95,scattered clouds
472,Koppang,NO,61.5706,11.0555,33.15,79,100,4.03,overcast clouds
473,Castro,BR,-24.7911,-50.0119,73.74,68,4,5.12,clear sky
474,Mapiripan,CO,2.8892,-72.1256,81.36,76,95,4.85,overcast clouds
475,Tommot,RU,58.9564,126.2925,25.68,91,100,3.62,light snow
476,Ibra,OM,22.6906,58.5334,81.0,33,0,2.21,clear sky
477,Heerde,NL,52.3872,6.0402,48.97,81,9,6.76,clear sky
478,Kenai,US,60.5544,-151.2583,57.02,40,0,5.75,clear sky
479,Colquechaca,BO,-18.6667,-66.0167,51.8,13,35,5.03,scattered clouds
480,Mayor Pablo Lagerenza,PY,-19.9309,-60.7718,96.4,31,26,16.44,scattered clouds
481,Biloela,AU,-24.4167,150.5,64.54,89,0,6.29,clear sky
482,Rio Gallegos,AR,-51.6226,-69.2181,42.85,52,40,19.57,scattered clouds
483,Eureka,US,40.8021,-124.1637,62.67,69,63,7.0,broken clouds
484,Sakaiminato,JP,35.55,133.2333,53.58,82,75,14.97,broken clouds
485,Oktyabrskoye,RU,43.0645,44.7417,55.54,77,100,2.24,overcast clouds
486,Simoes,BR,-7.5989,-40.8178,79.41,41,27,6.49,scattered clouds
487,Atambua,ID,-9.1061,124.8925,71.85,89,50,2.57,scattered clouds
488,Kiruna,SE,67.8557,20.2251,22.12,63,20,10.36,few clouds
489,Lompoc,US,34.6391,-120.4579,73.69,59,0,25.01,clear sky
490,Husavik,IS,66.0449,-17.3389,38.25,85,97,1.61,overcast clouds
491,Rio Grande,BR,-32.035,-52.0986,64.51,94,96,5.14,light rain
492,Ixtapa,MX,20.7,-105.2,81.63,65,0,11.5,clear sky
493,Ust-Kulom,RU,61.6864,53.6902,34.0,89,100,7.61,overcast clouds
494,Cap Malheureux,MU,-19.9842,57.6142,73.47,83,10,7.4,clear sky
495,Taltal,CL,-25.4,-70.4833,68.04,65,21,5.91,few clouds
496,Galesong,ID,-5.3166,119.3661,75.22,80,71,4.34,broken clouds
497,Nagato,JP,34.3833,131.2,55.2,80,89,10.33,overcast clouds
498,Mitsamiouli,KM,-11.3847,43.2844,80.94,78,64,12.86,broken clouds
499,Nador,MA,35.174,-2.9287,57.27,81,96,4.74,overcast clouds
500,Wladyslawowo,PL,54.7909,18.4009,43.02,68,90,8.7,overcast clouds
501,Sri Aman,MY,1.2376,111.4621,75.25,94,100,0.0,moderate rain
502,Bitung,ID,1.4451,125.1824,76.05,83,100,5.39,overcast clouds
503,Ghanzi,BW,-21.5667,21.7833,68.81,39,51,6.8,broken clouds
504,Vadinsk,RU,53.6916,43.0574,45.77,86,100,11.34,overcast clouds
505,Winchester,GB,51.0651,-1.3187,50.29,57,75,12.66,broken clouds
506,Kasongo,CD,-4.45,26.6667,68.22,99,100,2.06,moderate rain
507,Solnechnyy,RU,50.7214,136.6319,28.69,76,100,7.14,overcast clouds
508,Dauriya,RU,49.9333,116.8667,32.07,33,53,5.44,broken clouds
509,Yar-Sale,RU,66.8333,70.8333,9.23,90,13,4.85,few clouds
510,Rabat,MA,33.9911,-6.8401,61.16,82,40,6.91,scattered clouds
511,Aguada De Cima,PT,40.5229,-8.427,58.71,96,38,3.13,scattered clouds
512,Pangai,TO,-19.8,-174.35,78.91,53,20,16.11,few clouds
513,Kaduqli,SD,11.0167,29.7167,93.25,15,94,4.63,overcast clouds
514,Nuuk,GL,64.1835,-51.7216,36.21,93,100,35.68,overcast clouds
515,Hanzhong,CN,33.0728,107.0303,52.56,92,100,0.92,moderate rain
516,Conde,BR,-7.2597,-34.9075,80.06,89,40,11.5,scattered clouds
517,Gold Coast,AU,-28.0,153.4333,67.03,96,40,1.14,scattered clouds
518,Lavrentiya,RU,65.5833,-171.0,23.92,82,37,2.28,scattered clouds
519,Fredericksburg,US,38.3032,-77.4605,68.0,31,40,11.5,scattered clouds
520,Omboue,GA,-1.5746,9.2618,76.87,88,100,2.75,overcast clouds
521,Okahandja,NA,-21.9833,16.9167,68.4,31,69,7.52,broken clouds
522,Cockburn Town,TC,21.4612,-71.1419,75.24,60,0,13.69,clear sky
523,Lisala,CD,2.15,21.5167,72.28,83,96,0.89,overcast clouds
524,Bahia Honda,CU,22.9036,-83.1592,82.45,55,81,13.6,broken clouds
525,San Andres,CO,12.5847,-81.7006,82.42,78,100,12.66,overcast clouds
526,Kruisfontein,ZA,-34.0033,24.7314,56.88,49,2,5.39,clear sky
527,Ciudad Guayana,VE,8.3533,-62.6528,81.95,71,100,2.01,overcast clouds
528,Agadir,MA,30.4202,-9.5982,64.85,67,0,4.72,clear sky
529,Lipin Bor,RU,60.2622,37.9763,21.2,94,62,3.89,broken clouds
530,Kirovsk,UA,48.6375,38.6428,50.13,79,0,5.55,clear sky
531,High Prairie,CA,55.4334,-116.4858,34.45,99,100,9.08,snow
532,Nampula,MZ,-15.1165,39.2666,71.55,94,100,12.66,light intensity drizzle
533,Luena,AO,-11.7833,19.9167,67.37,63,88,3.11,overcast clouds
534,Puerto Del Rosario,ES,28.5004,-13.8627,65.95,72,20,20.71,few clouds
535,Mananjary,MG,-21.2167,48.3333,74.8,81,60,17.76,light rain
536,Pandan,PH,14.0453,124.1694,80.06,86,48,9.95,scattered clouds
537,Brasilia,BR,-15.7797,-47.9297,79.72,39,20,10.36,few clouds
538,Srednekolymsk,RU,67.45,153.6833,16.95,92,100,3.67,overcast clouds
539,Bengkulu,ID,-3.8004,102.2655,76.19,90,99,4.14,light rain
540,Jaleswar,NP,26.6471,85.8008,81.16,57,0,13.62,clear sky
541,Jalu,LY,29.0331,21.5482,82.96,13,98,20.54,overcast clouds
542,Mocuba,MZ,-16.8392,36.9856,67.51,93,92,4.79,overcast clouds
543,Baringo,KE,0.4667,35.9667,70.52,79,100,3.71,overcast clouds
544,Hokitika,NZ,-42.7167,170.9667,58.14,76,100,5.48,overcast clouds
545,Beyneu,KZ,45.3167,55.2,65.57,39,100,13.94,overcast clouds
546,Yining,CN,29.0361,114.5636,68.09,98,88,1.1,overcast clouds
547,Nimaparha,IN,20.0667,86.0167,82.8,91,1,12.44,clear sky
548,Bom Sucesso,BR,-21.0331,-44.7581,71.35,66,100,1.83,overcast clouds
549,Alta Floresta,BR,-9.8756,-56.0861,93.02,46,20,2.3,few clouds
550,Biala Podlaska,PL,52.0324,23.1165,43.79,71,62,7.4,broken clouds
551,Virginia Beach,US,36.8529,-75.978,68.05,38,20,20.71,few clouds
552,Mineiros,BR,-17.5694,-52.5511,74.55,59,9,4.0,clear sky
553,Biankouma,CI,7.7391,-7.6138,75.11,79,85,3.78,overcast clouds
554,Labuhan,ID,-6.8844,112.2051,79.27,84,100,3.15,overcast clouds
555,Cairns,AU,-16.9167,145.7667,76.95,87,35,6.91,scattered clouds
556,Iskateley,RU,67.6803,53.1512,12.29,86,14,11.68,few clouds
557,Wajir,KE,1.7471,40.0573,81.27,70,100,6.42,light rain
558,Colesberg,ZA,-30.72,25.0972,52.14,32,0,5.44,clear sky
559,Garanhuns,BR,-8.8903,-36.4928,67.44,87,78,6.78,broken clouds
560,Matata,NZ,-37.8833,176.75,53.85,69,0,8.66,clear sky
561,Crotone,IT,39.0851,17.1178,65.19,64,2,5.75,clear sky
562,Lamar,US,33.6668,-95.5836,75.63,37,0,11.5,clear sky
563,Kyren,RU,51.6828,102.1408,30.99,85,99,1.43,overcast clouds
564,Natal,BR,-5.795,-35.2094,82.62,83,40,9.22,scattered clouds
565,Mehamn,NO,71.0357,27.8492,24.71,67,100,20.58,light snow
566,Svetlogorsk,BY,52.6333,29.7333,39.27,73,12,6.31,few clouds
567,Ust-Nera,RU,64.5667,143.2,11.7,96,94,5.28,overcast clouds
568,Chapais,CA,49.7834,-74.8492,29.98,71,99,12.84,overcast clouds
569,Griffith,US,41.5284,-87.4237,42.06,69,100,10.36,overcast clouds
570,Harper,LR,4.375,-7.7169,80.42,83,100,5.55,overcast clouds
571,San Blas,MX,21.5167,-105.2667,102.09,52,0,7.52,clear sky
572,Brenham,US,30.1669,-96.3977,81.05,54,0,9.22,clear sky
573,Yatou,CN,37.15,122.3833,46.78,53,13,6.44,few clouds
574,Fenoarivo,MG,-18.933,47.4354,66.27,88,40,4.61,scattered clouds
575,Istanbul,TR,41.0351,28.9833,56.62,77,0,9.22,clear sky
576,Tuntum,BR,-5.2581,-44.6489,76.21,88,64,3.33,broken clouds
577,Pauini,BR,-7.7136,-66.9764,83.97,70,100,2.46,overcast clouds
578,Sept-Iles,CA,50.2001,-66.3821,48.72,53,75,11.5,broken clouds
579,Gushikawa,JP,26.3544,127.8686,76.62,91,40,9.22,scattered clouds
580,Serov,RU,59.6033,60.5787,44.24,92,80,3.24,broken clouds
581,Krasavino,RU,60.9614,46.4814,26.96,78,100,10.71,overcast clouds
582,Duncan,US,34.5023,-97.9578,71.49,57,100,18.41,overcast clouds
583,Kungurtug,RU,50.5994,97.5228,27.09,80,37,0.63,scattered clouds
584,Hamilton,US,39.1834,-84.5333,64.24,41,0,9.22,clear sky
585,Veraval,IN,20.9,70.3667,82.58,65,1,12.71,clear sky
586,Luanda,AO,-8.8368,13.2343,76.73,88,100,4.56,light rain
587,Birao,CF,10.2849,22.7882,82.35,51,63,1.77,broken clouds
588,Skiathos,GR,39.1623,23.4909,65.97,73,0,2.04,clear sky
589,Novyy Urengoy,RU,66.0833,76.6333,22.82,89,90,10.31,overcast clouds
590,Yako,BF,12.9667,-2.2667,94.05,14,93,8.43,overcast clouds
591,Juybar,IR,36.6412,52.9124,60.89,70,6,0.67,clear sky
592,Dongtai,CN,32.8523,120.3095,50.11,82,42,7.92,scattered clouds
593,Davila,PH,18.4726,120.5763,82.56,74,6,6.26,clear sky
594,Senneterre,CA,48.3835,-77.2328,34.79,64,100,13.87,overcast clouds
595,Druzhba,UA,52.0428,33.9453,42.66,83,10,5.28,clear sky
596,Marabba,SD,12.35,32.1833,92.75,9,90,9.75,overcast clouds
597,Pemba,MZ,-12.974,40.5178,75.79,88,70,16.64,broken clouds
598,Aksarka,RU,66.5606,67.7975,11.1,92,17,3.51,few clouds
599,Caxias,PT,38.7031,-9.2767,60.46,73,20,13.8,few clouds
600,Aloleng,PH,16.1307,119.7824,81.28,74,43,8.99,scattered clouds
601,Miraflores,MX,19.2167,-98.8083,74.16,39,54,3.31,broken clouds
602,Kokstad,ZA,-30.5472,29.4241,43.57,94,0,4.27,clear sky
603,Tokur,RU,53.1333,132.9,19.0,89,67,1.21,broken clouds
604,Huarmey,PE,-10.0681,-78.1522,70.97,77,25,9.01,scattered clouds
605,Kununurra,AU,-15.7667,128.7333,69.78,94,86,2.3,overcast clouds
606,Itaqui,BR,-29.1253,-56.5531,79.99,76,7,6.89,clear sky
607,Kangalassy,RU,62.3464,129.9628,24.73,94,64,5.99,broken clouds
608,Kandete,TZ,-9.15,33.8,61.2,98,88,4.09,moderate rain
609,Bodden Town,KY,19.2833,-81.25,84.99,67,75,10.0,broken clouds
610,Rantepao,ID,-2.9701,119.8978,67.19,95,98,3.02,overcast clouds
611,Tanete,ID,-3.9443,119.7848,75.11,96,100,2.82,overcast clouds
612,San Rafael,AR,-34.6177,-68.3301,64.4,21,0,7.31,clear sky
613,Ardahan,TR,41.1087,42.7022,47.89,80,75,2.82,broken clouds
614,Bubaque,GW,11.2833,-15.8333,77.94,79,2,14.65,clear sky
615,Saint-Augustin,CA,51.226,-58.6502,34.47,100,100,4.23,overcast clouds
616,Repatriacion,PY,-25.5333,-55.95,80.38,77,46,4.63,scattered clouds
617,Mbulu,TZ,-3.85,35.5333,58.3,95,97,9.33,overcast clouds
618,Ola,RU,59.5833,151.2833,25.0,61,100,16.17,overcast clouds
619,Hirara,JP,24.8,125.2833,79.03,85,2,13.27,clear sky
620,Bonavista,CA,48.6499,-53.1147,38.44,81,81,11.21,broken clouds
621,Wad Rawah,SD,15.1603,33.1397,90.34,9,1,8.72,clear sky
622,Shimoda,JP,34.6667,138.95,61.11,84,100,22.44,overcast clouds
623,Preobrazheniye,RU,42.9019,133.9064,41.74,54,34,5.93,scattered clouds
624,Sjoholt,NO,62.4837,6.8106,40.93,91,100,4.54,light rain
625,Kashiwazaki,JP,37.3667,138.55,41.88,81,68,6.24,broken clouds
626,Mitu,CO,1.1983,-70.1733,83.44,71,55,2.13,light rain
627,Abu Samrah,SY,35.3029,37.1841,70.0,40,71,1.57,broken clouds
628,Pitimbu,BR,-7.4706,-34.8086,81.19,76,100,9.84,overcast clouds
629,Boa Viagem,BR,-5.1275,-39.7322,79.02,63,100,3.22,overcast clouds
630,Youghal,IE,51.95,-7.8506,51.1,96,100,7.05,overcast clouds
631,Beruwala,LK,6.4788,79.9828,80.28,85,34,6.73,scattered clouds
632,Gladstone,AU,-23.85,151.25,69.73,83,40,5.75,scattered clouds
633,Praia Da Vitoria,PT,38.7333,-27.0667,64.65,94,75,24.87,broken clouds
634,Puerto Narino,CO,-3.7703,-70.3831,81.81,81,89,2.62,overcast clouds
635,Houston,US,29.7633,-95.3633,85.33,49,0,11.5,clear sky
636,Coquimbo,CL,-29.9533,-71.3436,65.93,68,0,14.97,clear sky
637,Saint-Francois,FR,46.4154,3.9054,53.04,66,0,0.0,clear sky
638,Bahia Blanca,AR,-38.7196,-62.2724,58.66,42,28,19.64,scattered clouds
639,Barcelos,PT,41.5388,-8.6151,57.85,94,12,1.74,few clouds
640,Pobe,BJ,6.9801,2.6649,74.03,92,100,8.97,light rain
641,Sangar,RU,63.9242,127.4739,8.87,93,54,3.2,broken clouds
642,Khasan,RU,42.4308,130.6434,44.26,45,38,5.06,scattered clouds
643,Asau,RO,46.4333,26.4,52.72,100,100,2.66,overcast clouds
644,Zacualpan,MX,21.25,-105.1667,101.82,54,0,6.73,clear sky
645,Erzin,TR,36.9559,36.2,64.42,49,100,2.26,overcast clouds
646,Bulgan,MN,48.8125,103.5347,34.03,48,53,5.73,broken clouds
647,Seymchan,RU,62.8833,152.4333,17.28,84,100,8.79,overcast clouds
648,Landeck,AT,47.1301,10.5636,48.94,85,7,3.89,clear sky
649,Cay,TR,38.5917,31.0286,55.92,76,97,4.12,overcast clouds
650,Sudzha,RU,51.1976,35.2726,44.19,85,11,6.71,few clouds
651,Biltine,TD,14.5333,20.9167,90.12,28,30,10.25,scattered clouds
652,Katherine,AU,-14.4667,132.2667,75.52,78,88,0.0,overcast clouds
653,Xuzhou,CN,34.1805,117.1571,53.69,39,80,9.93,broken clouds
654,Kralendijk,BQ,12.15,-68.2667,85.98,58,40,17.27,scattered clouds
655,La Grande,US,45.3246,-118.0877,51.03,61,100,6.17,overcast clouds
656,Prince Rupert,CA,54.3161,-130.3201,48.29,71,100,4.61,overcast clouds
657,Carauari,BR,-4.8828,-66.8958,81.5,83,91,2.13,overcast clouds
658,Matagami,CA,49.7502,-77.6328,33.91,44,0,17.27,clear sky
659,Beloha,MG,-25.1667,45.05,65.89,69,17,6.55,few clouds
660,Wanning,CN,18.8003,110.3967,78.01,93,15,7.78,few clouds
661,Tieling,CN,42.2931,123.8414,47.62,22,100,2.73,overcast clouds
662,Tura,IN,25.5198,90.2201,70.92,83,0,1.61,clear sky
663,Aitape,PG,-3.1374,142.3475,77.85,85,98,4.43,light rain
664,Troitsko-Pechorsk,RU,62.7084,56.1964,33.57,99,100,3.42,overcast clouds
665,Agucadoura,PT,41.4318,-8.7804,58.24,90,25,4.32,scattered clouds
666,Choya,RU,52.0108,86.5467,40.73,73,13,3.89,few clouds
667,Kiunga,PG,-6.1219,141.2906,72.48,99,99,1.5,light rain
668,Lebanon,US,36.2081,-86.2911,71.46,36,3,6.69,clear sky
669,Daud Khel,PK,32.875,71.5701,88.41,14,43,5.61,scattered clouds
670,Williams Lake,CA,52.1415,-122.1445,47.05,68,75,9.22,broken clouds
671,Sayansk,RU,54.1088,102.1648,28.38,87,30,3.31,scattered clouds
672,Lithakia,GR,37.7167,20.8333,56.57,72,2,3.06,clear sky
673,Cabo San Lucas,MX,22.8909,-109.9124,89.91,15,0,11.5,clear sky
674,Beian,NO,63.6559,9.5683,41.09,81,75,23.02,light rain
675,Novo Horizonte,BR,-21.4681,-49.2208,79.63,50,92,2.21,overcast clouds
676,Vanimo,PG,-2.6741,141.3028,77.99,87,100,4.76,overcast clouds
677,Presidencia Roque Saenz Pena,AR,-26.7852,-60.4388,88.79,47,100,3.71,overcast clouds
678,Bahar,IR,34.9072,48.4414,48.36,87,40,9.22,light rain
679,Tiangua,BR,-3.7322,-40.9917,70.05,88,100,2.3,overcast clouds
680,Bull Savanna,JM,17.8868,-77.5902,77.83,72,54,9.13,broken clouds
681,Sindor,RU,62.8629,51.8905,25.09,88,100,6.91,overcast clouds
682,Ushtobe,KZ,45.2514,77.9838,51.73,31,0,3.76,clear sky
